{
    "dependencies": {
        "adapt-contrib-vanilla": "*",
        "adapt-contrib-text": "*",
        "adapt-contrib-narrative": "*",
        "adapt-contrib-media": "*",
        "adapt-contrib-hotgraphic": "*",
        "adapt-contrib-blank": "*",
        "adapt-contrib-accordion": "*",
        "adapt-contrib-graphic": "*",
        "adapt-contrib-matching": "*",
        "adapt-contrib-textInput": "*",
        "adapt-contrib-mcq": "*",
        "adapt-contrib-gmcq": "*",
        "adapt-contrib-assessment": "*",
        "adapt-contrib-assessmentResults": "*",
        "adapt-contrib-trickle": "*",
        "adapt-contrib-tutor": "*",
        "adapt-contrib-boxMenu": "*",
        "adapt-contrib-pageLevelProgress": "*",
        "adapt-contrib-resources": "*",
        "adapt-contrib-slider": "*",
        "adapt-contrib-spoor": "*",
        "adapt-contrib-bookmarking": "*"
    }
}
