[
  {
    "_id": "58fda15c9f288a481e7b1ce0",
    "_type": "article",
    "_parentId": "58fda15c9f288a481e7b1cdf",
    "_isAvailable": true,
    "_isOptional": false,
    "_classes": "",
    "body": "",
    "displayTitle": "",
    "title": "Article title",
    "_trickle": {
      "_stepLocking": {
        "_isLockedOnRevisit": false,
        "_isCompletionRequired": true,
        "_isEnabled": true
      },
      "_button": {
        "_component": "trickle-button",
        "finalText": "Finish",
        "startText": "Begin",
        "text": "Continue",
        "_className": "",
        "_autoHide": "true",
        "_isFullWidth": "true",
        "_styleAfterClick": "hidden",
        "_styleBeforeCompletion": "hidden",
        "_isEnabled": false
      },
      "_scrollTo": "@block +1",
      "_onChildren": false,
      "_scrollDuration": 500,
      "_autoScroll": false,
      "_isEnabled": false
    },
    "_assessment": {
      "_attempts": -1,
      "_isResetOnRevisit": false,
      "_assessmentWeight": 1,
      "_includeInTotalScore": false,
      "_scoreToPass": 60,
      "_isPercentageBased": false,
      "_questions": {
        "_canShowModelAnswer": false,
        "_canShowMarking": false,
        "_canShowFeedback": false,
        "_resetType": "soft"
      },
      "_randomisation": {
        "_blockCount": 1,
        "_isEnabled": false
      },
      "_banks": {
        "_randomisation": false,
        "_split": "",
        "_isEnabled": false
      },
      "_id": "",
      "_isEnabled": false
    }
  },
  {
    "_id": "58fda4159f288a481e7b1ceb",
    "_type": "article",
    "_parentId": "58fda4159f288a481e7b1cea",
    "_isAvailable": true,
    "_isOptional": false,
    "_classes": "",
    "body": "",
    "displayTitle": "",
    "title": "Article title",
    "_trickle": {
      "_stepLocking": {
        "_isLockedOnRevisit": false,
        "_isCompletionRequired": true,
        "_isEnabled": true
      },
      "_button": {
        "_component": "trickle-button",
        "finalText": "Finish",
        "startText": "Begin",
        "text": "Continue",
        "_className": "",
        "_autoHide": "true",
        "_isFullWidth": "true",
        "_styleAfterClick": "hidden",
        "_styleBeforeCompletion": "hidden",
        "_isEnabled": false
      },
      "_scrollTo": "@block +1",
      "_onChildren": false,
      "_scrollDuration": 500,
      "_autoScroll": false,
      "_isEnabled": false
    },
    "_assessment": {
      "_attempts": -1,
      "_isResetOnRevisit": false,
      "_assessmentWeight": 1,
      "_includeInTotalScore": false,
      "_scoreToPass": 60,
      "_isPercentageBased": false,
      "_questions": {
        "_canShowModelAnswer": false,
        "_canShowMarking": false,
        "_canShowFeedback": false,
        "_resetType": "soft"
      },
      "_randomisation": {
        "_blockCount": 1,
        "_isEnabled": false
      },
      "_banks": {
        "_randomisation": false,
        "_split": "",
        "_isEnabled": false
      },
      "_id": "",
      "_isEnabled": false
    }
  },
  {
    "_id": "58fda4169f288a481e7b1cee",
    "_type": "article",
    "_parentId": "58fda4169f288a481e7b1ced",
    "_isAvailable": true,
    "_isOptional": false,
    "_classes": "",
    "body": "",
    "displayTitle": "",
    "title": "Article title",
    "_trickle": {
      "_stepLocking": {
        "_isLockedOnRevisit": false,
        "_isCompletionRequired": true,
        "_isEnabled": true
      },
      "_button": {
        "_component": "trickle-button",
        "finalText": "Finish",
        "startText": "Begin",
        "text": "Continue",
        "_className": "",
        "_autoHide": "true",
        "_isFullWidth": "true",
        "_styleAfterClick": "hidden",
        "_styleBeforeCompletion": "hidden",
        "_isEnabled": false
      },
      "_scrollTo": "@block +1",
      "_onChildren": false,
      "_scrollDuration": 500,
      "_autoScroll": false,
      "_isEnabled": false
    },
    "_assessment": {
      "_attempts": -1,
      "_isResetOnRevisit": false,
      "_assessmentWeight": 1,
      "_includeInTotalScore": false,
      "_scoreToPass": 60,
      "_isPercentageBased": false,
      "_questions": {
        "_canShowModelAnswer": false,
        "_canShowMarking": false,
        "_canShowFeedback": false,
        "_resetType": "soft"
      },
      "_randomisation": {
        "_blockCount": 1,
        "_isEnabled": false
      },
      "_banks": {
        "_randomisation": false,
        "_split": "",
        "_isEnabled": false
      },
      "_id": "",
      "_isEnabled": false
    }
  },
  {
    "_id": "58fda4249f288a481e7b1cf2",
    "_type": "article",
    "_parentId": "58fda4249f288a481e7b1cf1",
    "_isAvailable": true,
    "_isOptional": false,
    "_classes": "",
    "body": "",
    "displayTitle": "Article title",
    "title": "Article title",
    "_trickle": {
      "_stepLocking": {
        "_isLockedOnRevisit": false,
        "_isCompletionRequired": true,
        "_isEnabled": true
      },
      "_button": {
        "_component": "trickle-button",
        "finalText": "Finish",
        "startText": "Begin",
        "text": "Continue",
        "_className": "",
        "_autoHide": "true",
        "_isFullWidth": "true",
        "_styleAfterClick": "hidden",
        "_styleBeforeCompletion": "hidden",
        "_isEnabled": false
      },
      "_scrollTo": "@block +1",
      "_onChildren": false,
      "_scrollDuration": 500,
      "_autoScroll": false,
      "_isEnabled": false
    },
    "_assessment": {
      "_attempts": -1,
      "_isResetOnRevisit": false,
      "_assessmentWeight": 1,
      "_includeInTotalScore": false,
      "_scoreToPass": 60,
      "_isPercentageBased": false,
      "_questions": {
        "_canShowModelAnswer": false,
        "_canShowMarking": false,
        "_canShowFeedback": false,
        "_resetType": "soft"
      },
      "_randomisation": {
        "_blockCount": 1,
        "_isEnabled": false
      },
      "_banks": {
        "_randomisation": false,
        "_split": "",
        "_isEnabled": false
      },
      "_id": "",
      "_isEnabled": false
    }
  },
  {
    "_id": "58fda4259f288a481e7b1cf5",
    "_type": "article",
    "_parentId": "58fda4249f288a481e7b1cf4",
    "_isAvailable": true,
    "_isOptional": false,
    "_classes": "",
    "body": "",
    "displayTitle": "Article title",
    "title": "Article title",
    "_trickle": {
      "_stepLocking": {
        "_isLockedOnRevisit": false,
        "_isCompletionRequired": true,
        "_isEnabled": true
      },
      "_button": {
        "_component": "trickle-button",
        "finalText": "Finish",
        "startText": "Begin",
        "text": "Continue",
        "_className": "",
        "_autoHide": "true",
        "_isFullWidth": "true",
        "_styleAfterClick": "hidden",
        "_styleBeforeCompletion": "hidden",
        "_isEnabled": false
      },
      "_scrollTo": "@block +1",
      "_onChildren": false,
      "_scrollDuration": 500,
      "_autoScroll": false,
      "_isEnabled": false
    },
    "_assessment": {
      "_attempts": -1,
      "_isResetOnRevisit": false,
      "_assessmentWeight": 1,
      "_includeInTotalScore": false,
      "_scoreToPass": 60,
      "_isPercentageBased": false,
      "_questions": {
        "_canShowModelAnswer": false,
        "_canShowMarking": false,
        "_canShowFeedback": false,
        "_resetType": "soft"
      },
      "_randomisation": {
        "_blockCount": 1,
        "_isEnabled": false
      },
      "_banks": {
        "_randomisation": false,
        "_split": "",
        "_isEnabled": false
      },
      "_id": "",
      "_isEnabled": false
    }
  },
  {
    "_id": "58fda47a9f288a481e7b1cf8",
    "_type": "article",
    "_parentId": "58fda47a9f288a481e7b1cf7",
    "_isAvailable": true,
    "_isOptional": false,
    "_classes": "",
    "body": "",
    "displayTitle": "Article title",
    "title": "Article title",
    "_trickle": {
      "_stepLocking": {
        "_isLockedOnRevisit": false,
        "_isCompletionRequired": true,
        "_isEnabled": true
      },
      "_button": {
        "_component": "trickle-button",
        "finalText": "Finish",
        "startText": "Begin",
        "text": "Continue",
        "_className": "",
        "_autoHide": "true",
        "_isFullWidth": "true",
        "_styleAfterClick": "hidden",
        "_styleBeforeCompletion": "hidden",
        "_isEnabled": false
      },
      "_scrollTo": "@block +1",
      "_onChildren": false,
      "_scrollDuration": 500,
      "_autoScroll": false,
      "_isEnabled": false
    },
    "_assessment": {
      "_attempts": -1,
      "_isResetOnRevisit": false,
      "_assessmentWeight": 1,
      "_includeInTotalScore": false,
      "_scoreToPass": 60,
      "_isPercentageBased": false,
      "_questions": {
        "_canShowModelAnswer": false,
        "_canShowMarking": false,
        "_canShowFeedback": false,
        "_resetType": "soft"
      },
      "_randomisation": {
        "_blockCount": 1,
        "_isEnabled": false
      },
      "_banks": {
        "_randomisation": false,
        "_split": "",
        "_isEnabled": false
      },
      "_id": "",
      "_isEnabled": false
    }
  },
  {
    "_id": "58fda5c79f288a481e7b1cfd",
    "_type": "article",
    "_parentId": "58fda5c79f288a481e7b1cfc",
    "_isAvailable": true,
    "_isOptional": false,
    "_classes": "",
    "body": "",
    "displayTitle": "",
    "title": "Article title",
    "_assessment": {
      "_isEnabled": false,
      "_id": "",
      "_banks": {
        "_isEnabled": false,
        "_split": "",
        "_randomisation": false
      },
      "_randomisation": {
        "_isEnabled": false,
        "_blockCount": 1
      },
      "_questions": {
        "_resetType": "soft",
        "_canShowFeedback": false,
        "_canShowMarking": false,
        "_canShowModelAnswer": false
      },
      "_isPercentageBased": false,
      "_scoreToPass": 60,
      "_includeInTotalScore": false,
      "_assessmentWeight": 1,
      "_isResetOnRevisit": false,
      "_attempts": -1
    },
    "_trickle": {
      "_isEnabled": false,
      "_autoScroll": false,
      "_scrollDuration": 500,
      "_onChildren": false,
      "_scrollTo": "@block +1",
      "_button": {
        "_isEnabled": false,
        "_styleBeforeCompletion": "hidden",
        "_styleAfterClick": "hidden",
        "_isFullWidth": true,
        "_autoHide": true,
        "_className": "",
        "text": "Continue",
        "startText": "Begin",
        "finalText": "Finish",
        "_component": "trickle-button"
      },
      "_stepLocking": {
        "_isEnabled": true,
        "_isCompletionRequired": true,
        "_isLockedOnRevisit": false
      }
    }
  },
  {
    "_id": "58fda5cf9f288a481e7b1d01",
    "_type": "article",
    "_parentId": "58fda5cf9f288a481e7b1d00",
    "_isAvailable": true,
    "_isOptional": false,
    "_classes": "",
    "body": "",
    "displayTitle": "",
    "title": "Article title",
    "_assessment": {
      "_isEnabled": false,
      "_id": "",
      "_banks": {
        "_isEnabled": false,
        "_split": "",
        "_randomisation": false
      },
      "_randomisation": {
        "_isEnabled": false,
        "_blockCount": 1
      },
      "_questions": {
        "_resetType": "soft",
        "_canShowFeedback": false,
        "_canShowMarking": false,
        "_canShowModelAnswer": false
      },
      "_isPercentageBased": false,
      "_scoreToPass": 60,
      "_includeInTotalScore": false,
      "_assessmentWeight": 1,
      "_isResetOnRevisit": false,
      "_attempts": -1
    },
    "_trickle": {
      "_isEnabled": false,
      "_autoScroll": false,
      "_scrollDuration": 500,
      "_onChildren": false,
      "_scrollTo": "@block +1",
      "_button": {
        "_isEnabled": false,
        "_styleBeforeCompletion": "hidden",
        "_styleAfterClick": "hidden",
        "_isFullWidth": true,
        "_autoHide": true,
        "_className": "",
        "text": "Continue",
        "startText": "Begin",
        "finalText": "Finish",
        "_component": "trickle-button"
      },
      "_stepLocking": {
        "_isEnabled": true,
        "_isCompletionRequired": true,
        "_isLockedOnRevisit": false
      }
    }
  },
  {
    "_id": "58fda5da9f288a481e7b1d05",
    "_type": "article",
    "_parentId": "58fda5da9f288a481e7b1d04",
    "_isAvailable": true,
    "_isOptional": false,
    "_classes": "",
    "body": "",
    "displayTitle": "",
    "title": "Article title",
    "_assessment": {
      "_isEnabled": false,
      "_id": "",
      "_banks": {
        "_isEnabled": false,
        "_split": "",
        "_randomisation": false
      },
      "_randomisation": {
        "_isEnabled": false,
        "_blockCount": 1
      },
      "_questions": {
        "_resetType": "soft",
        "_canShowFeedback": false,
        "_canShowMarking": false,
        "_canShowModelAnswer": false
      },
      "_isPercentageBased": false,
      "_scoreToPass": 60,
      "_includeInTotalScore": false,
      "_assessmentWeight": 1,
      "_isResetOnRevisit": false,
      "_attempts": -1
    },
    "_trickle": {
      "_isEnabled": false,
      "_autoScroll": false,
      "_scrollDuration": 500,
      "_onChildren": false,
      "_scrollTo": "@block +1",
      "_button": {
        "_isEnabled": false,
        "_styleBeforeCompletion": "hidden",
        "_styleAfterClick": "hidden",
        "_isFullWidth": true,
        "_autoHide": true,
        "_className": "",
        "text": "Continue",
        "startText": "Begin",
        "finalText": "Finish",
        "_component": "trickle-button"
      },
      "_stepLocking": {
        "_isEnabled": true,
        "_isCompletionRequired": true,
        "_isLockedOnRevisit": false
      }
    }
  },
  {
    "_id": "58fda5e49f288a481e7b1d09",
    "_type": "article",
    "_parentId": "58fda5e49f288a481e7b1d08",
    "_isAvailable": true,
    "_isOptional": false,
    "_classes": "",
    "body": "",
    "displayTitle": "",
    "title": "Article title",
    "_assessment": {
      "_isEnabled": false,
      "_id": "",
      "_banks": {
        "_isEnabled": false,
        "_split": "",
        "_randomisation": false
      },
      "_randomisation": {
        "_isEnabled": false,
        "_blockCount": 1
      },
      "_questions": {
        "_resetType": "soft",
        "_canShowFeedback": false,
        "_canShowMarking": false,
        "_canShowModelAnswer": false
      },
      "_isPercentageBased": false,
      "_scoreToPass": 60,
      "_includeInTotalScore": false,
      "_assessmentWeight": 1,
      "_isResetOnRevisit": false,
      "_attempts": -1
    },
    "_trickle": {
      "_isEnabled": false,
      "_autoScroll": false,
      "_scrollDuration": 500,
      "_onChildren": false,
      "_scrollTo": "@block +1",
      "_button": {
        "_isEnabled": false,
        "_styleBeforeCompletion": "hidden",
        "_styleAfterClick": "hidden",
        "_isFullWidth": true,
        "_autoHide": true,
        "_className": "",
        "text": "Continue",
        "startText": "Begin",
        "finalText": "Finish",
        "_component": "trickle-button"
      },
      "_stepLocking": {
        "_isEnabled": true,
        "_isCompletionRequired": true,
        "_isLockedOnRevisit": false
      }
    }
  },
  {
    "_id": "58fda83b9f288a481e7b1d21",
    "_type": "article",
    "_parentId": "58fda83b9f288a481e7b1d20",
    "_isAvailable": true,
    "_isOptional": false,
    "_classes": "",
    "body": "",
    "displayTitle": "Article title",
    "title": "Article title",
    "_trickle": {
      "_stepLocking": {
        "_isLockedOnRevisit": false,
        "_isCompletionRequired": true,
        "_isEnabled": true
      },
      "_button": {
        "_component": "trickle-button",
        "finalText": "Finish",
        "startText": "Begin",
        "text": "Continue",
        "_className": "",
        "_autoHide": "true",
        "_isFullWidth": "true",
        "_styleAfterClick": "hidden",
        "_styleBeforeCompletion": "hidden",
        "_isEnabled": false
      },
      "_scrollTo": "@block +1",
      "_onChildren": false,
      "_scrollDuration": 500,
      "_autoScroll": false,
      "_isEnabled": false
    },
    "_assessment": {
      "_attempts": -1,
      "_isResetOnRevisit": false,
      "_assessmentWeight": 1,
      "_includeInTotalScore": false,
      "_scoreToPass": 60,
      "_isPercentageBased": false,
      "_questions": {
        "_canShowModelAnswer": false,
        "_canShowMarking": false,
        "_canShowFeedback": false,
        "_resetType": "soft"
      },
      "_randomisation": {
        "_blockCount": 1,
        "_isEnabled": false
      },
      "_banks": {
        "_randomisation": false,
        "_split": "",
        "_isEnabled": false
      },
      "_id": "",
      "_isEnabled": false
    }
  },
  {
    "_id": "58fda83c9f288a481e7b1d24",
    "_type": "article",
    "_parentId": "58fda83c9f288a481e7b1d23",
    "_isAvailable": true,
    "_isOptional": false,
    "_classes": "",
    "body": "",
    "displayTitle": "Article title",
    "title": "Article title",
    "_trickle": {
      "_stepLocking": {
        "_isLockedOnRevisit": false,
        "_isCompletionRequired": true,
        "_isEnabled": true
      },
      "_button": {
        "_component": "trickle-button",
        "finalText": "Finish",
        "startText": "Begin",
        "text": "Continue",
        "_className": "",
        "_autoHide": "true",
        "_isFullWidth": "true",
        "_styleAfterClick": "hidden",
        "_styleBeforeCompletion": "hidden",
        "_isEnabled": false
      },
      "_scrollTo": "@block +1",
      "_onChildren": false,
      "_scrollDuration": 500,
      "_autoScroll": false,
      "_isEnabled": false
    },
    "_assessment": {
      "_attempts": -1,
      "_isResetOnRevisit": false,
      "_assessmentWeight": 1,
      "_includeInTotalScore": false,
      "_scoreToPass": 60,
      "_isPercentageBased": false,
      "_questions": {
        "_canShowModelAnswer": false,
        "_canShowMarking": false,
        "_canShowFeedback": false,
        "_resetType": "soft"
      },
      "_randomisation": {
        "_blockCount": 1,
        "_isEnabled": false
      },
      "_banks": {
        "_randomisation": false,
        "_split": "",
        "_isEnabled": false
      },
      "_id": "",
      "_isEnabled": false
    }
  },
  {
    "_id": "58fda83e9f288a481e7b1d27",
    "_type": "article",
    "_parentId": "58fda83e9f288a481e7b1d26",
    "_isAvailable": true,
    "_isOptional": false,
    "_classes": "",
    "body": "",
    "displayTitle": "Article title",
    "title": "Article title",
    "_trickle": {
      "_stepLocking": {
        "_isLockedOnRevisit": false,
        "_isCompletionRequired": true,
        "_isEnabled": true
      },
      "_button": {
        "_component": "trickle-button",
        "finalText": "Finish",
        "startText": "Begin",
        "text": "Continue",
        "_className": "",
        "_autoHide": "true",
        "_isFullWidth": "true",
        "_styleAfterClick": "hidden",
        "_styleBeforeCompletion": "hidden",
        "_isEnabled": false
      },
      "_scrollTo": "@block +1",
      "_onChildren": false,
      "_scrollDuration": 500,
      "_autoScroll": false,
      "_isEnabled": false
    },
    "_assessment": {
      "_attempts": -1,
      "_isResetOnRevisit": false,
      "_assessmentWeight": 1,
      "_includeInTotalScore": false,
      "_scoreToPass": 60,
      "_isPercentageBased": false,
      "_questions": {
        "_canShowModelAnswer": false,
        "_canShowMarking": false,
        "_canShowFeedback": false,
        "_resetType": "soft"
      },
      "_randomisation": {
        "_blockCount": 1,
        "_isEnabled": false
      },
      "_banks": {
        "_randomisation": false,
        "_split": "",
        "_isEnabled": false
      },
      "_id": "",
      "_isEnabled": false
    }
  },
  {
    "_id": "58fda83f9f288a481e7b1d2a",
    "_type": "article",
    "_parentId": "58fda83f9f288a481e7b1d29",
    "_isAvailable": true,
    "_isOptional": false,
    "_classes": "",
    "body": "",
    "displayTitle": "Article title",
    "title": "Article title",
    "_trickle": {
      "_stepLocking": {
        "_isLockedOnRevisit": false,
        "_isCompletionRequired": true,
        "_isEnabled": true
      },
      "_button": {
        "_component": "trickle-button",
        "finalText": "Finish",
        "startText": "Begin",
        "text": "Continue",
        "_className": "",
        "_autoHide": "true",
        "_isFullWidth": "true",
        "_styleAfterClick": "hidden",
        "_styleBeforeCompletion": "hidden",
        "_isEnabled": false
      },
      "_scrollTo": "@block +1",
      "_onChildren": false,
      "_scrollDuration": 500,
      "_autoScroll": false,
      "_isEnabled": false
    },
    "_assessment": {
      "_attempts": -1,
      "_isResetOnRevisit": false,
      "_assessmentWeight": 1,
      "_includeInTotalScore": false,
      "_scoreToPass": 60,
      "_isPercentageBased": false,
      "_questions": {
        "_canShowModelAnswer": false,
        "_canShowMarking": false,
        "_canShowFeedback": false,
        "_resetType": "soft"
      },
      "_randomisation": {
        "_blockCount": 1,
        "_isEnabled": false
      },
      "_banks": {
        "_randomisation": false,
        "_split": "",
        "_isEnabled": false
      },
      "_id": "",
      "_isEnabled": false
    }
  },
  {
    "_id": "58fda8519f288a481e7b1d33",
    "_type": "article",
    "_parentId": "58fda8519f288a481e7b1d32",
    "_isAvailable": true,
    "_isOptional": false,
    "_classes": "",
    "body": "",
    "displayTitle": "Article title",
    "title": "Article title",
    "_trickle": {
      "_stepLocking": {
        "_isLockedOnRevisit": false,
        "_isCompletionRequired": true,
        "_isEnabled": true
      },
      "_button": {
        "_component": "trickle-button",
        "finalText": "Finish",
        "startText": "Begin",
        "text": "Continue",
        "_className": "",
        "_autoHide": "true",
        "_isFullWidth": "true",
        "_styleAfterClick": "hidden",
        "_styleBeforeCompletion": "hidden",
        "_isEnabled": false
      },
      "_scrollTo": "@block +1",
      "_onChildren": false,
      "_scrollDuration": 500,
      "_autoScroll": false,
      "_isEnabled": false
    },
    "_assessment": {
      "_attempts": -1,
      "_isResetOnRevisit": false,
      "_assessmentWeight": 1,
      "_includeInTotalScore": false,
      "_scoreToPass": 60,
      "_isPercentageBased": false,
      "_questions": {
        "_canShowModelAnswer": false,
        "_canShowMarking": false,
        "_canShowFeedback": false,
        "_resetType": "soft"
      },
      "_randomisation": {
        "_blockCount": 1,
        "_isEnabled": false
      },
      "_banks": {
        "_randomisation": false,
        "_split": "",
        "_isEnabled": false
      },
      "_id": "",
      "_isEnabled": false
    }
  },
  {
    "_id": "58fda8519f288a481e7b1d36",
    "_type": "article",
    "_parentId": "58fda8519f288a481e7b1d35",
    "_isAvailable": true,
    "_isOptional": false,
    "_classes": "",
    "body": "",
    "displayTitle": "Article title",
    "title": "Article title",
    "_trickle": {
      "_stepLocking": {
        "_isLockedOnRevisit": false,
        "_isCompletionRequired": true,
        "_isEnabled": true
      },
      "_button": {
        "_component": "trickle-button",
        "finalText": "Finish",
        "startText": "Begin",
        "text": "Continue",
        "_className": "",
        "_autoHide": "true",
        "_isFullWidth": "true",
        "_styleAfterClick": "hidden",
        "_styleBeforeCompletion": "hidden",
        "_isEnabled": false
      },
      "_scrollTo": "@block +1",
      "_onChildren": false,
      "_scrollDuration": 500,
      "_autoScroll": false,
      "_isEnabled": false
    },
    "_assessment": {
      "_attempts": -1,
      "_isResetOnRevisit": false,
      "_assessmentWeight": 1,
      "_includeInTotalScore": false,
      "_scoreToPass": 60,
      "_isPercentageBased": false,
      "_questions": {
        "_canShowModelAnswer": false,
        "_canShowMarking": false,
        "_canShowFeedback": false,
        "_resetType": "soft"
      },
      "_randomisation": {
        "_blockCount": 1,
        "_isEnabled": false
      },
      "_banks": {
        "_randomisation": false,
        "_split": "",
        "_isEnabled": false
      },
      "_id": "",
      "_isEnabled": false
    }
  },
  {
    "_id": "58fda8569f288a481e7b1d39",
    "_type": "article",
    "_parentId": "58fda8569f288a481e7b1d38",
    "_isAvailable": true,
    "_isOptional": false,
    "_classes": "",
    "body": "",
    "displayTitle": "Article title",
    "title": "Article title",
    "_trickle": {
      "_stepLocking": {
        "_isLockedOnRevisit": false,
        "_isCompletionRequired": true,
        "_isEnabled": true
      },
      "_button": {
        "_component": "trickle-button",
        "finalText": "Finish",
        "startText": "Begin",
        "text": "Continue",
        "_className": "",
        "_autoHide": "true",
        "_isFullWidth": "true",
        "_styleAfterClick": "hidden",
        "_styleBeforeCompletion": "hidden",
        "_isEnabled": false
      },
      "_scrollTo": "@block +1",
      "_onChildren": false,
      "_scrollDuration": 500,
      "_autoScroll": false,
      "_isEnabled": false
    },
    "_assessment": {
      "_attempts": -1,
      "_isResetOnRevisit": false,
      "_assessmentWeight": 1,
      "_includeInTotalScore": false,
      "_scoreToPass": 60,
      "_isPercentageBased": false,
      "_questions": {
        "_canShowModelAnswer": false,
        "_canShowMarking": false,
        "_canShowFeedback": false,
        "_resetType": "soft"
      },
      "_randomisation": {
        "_blockCount": 1,
        "_isEnabled": false
      },
      "_banks": {
        "_randomisation": false,
        "_split": "",
        "_isEnabled": false
      },
      "_id": "",
      "_isEnabled": false
    }
  },
  {
    "_id": "58fda8579f288a481e7b1d3c",
    "_type": "article",
    "_parentId": "58fda8579f288a481e7b1d3b",
    "_isAvailable": true,
    "_isOptional": false,
    "_classes": "",
    "body": "",
    "displayTitle": "Article title",
    "title": "Article title",
    "_trickle": {
      "_stepLocking": {
        "_isLockedOnRevisit": false,
        "_isCompletionRequired": true,
        "_isEnabled": true
      },
      "_button": {
        "_component": "trickle-button",
        "finalText": "Finish",
        "startText": "Begin",
        "text": "Continue",
        "_className": "",
        "_autoHide": "true",
        "_isFullWidth": "true",
        "_styleAfterClick": "hidden",
        "_styleBeforeCompletion": "hidden",
        "_isEnabled": false
      },
      "_scrollTo": "@block +1",
      "_onChildren": false,
      "_scrollDuration": 500,
      "_autoScroll": false,
      "_isEnabled": false
    },
    "_assessment": {
      "_attempts": -1,
      "_isResetOnRevisit": false,
      "_assessmentWeight": 1,
      "_includeInTotalScore": false,
      "_scoreToPass": 60,
      "_isPercentageBased": false,
      "_questions": {
        "_canShowModelAnswer": false,
        "_canShowMarking": false,
        "_canShowFeedback": false,
        "_resetType": "soft"
      },
      "_randomisation": {
        "_blockCount": 1,
        "_isEnabled": false
      },
      "_banks": {
        "_randomisation": false,
        "_split": "",
        "_isEnabled": false
      },
      "_id": "",
      "_isEnabled": false
    }
  },
  {
    "_id": "58fdae9e9f288a481e7b1d56",
    "_type": "article",
    "_parentId": "58fdae9e9f288a481e7b1d55",
    "_isAvailable": true,
    "_isOptional": false,
    "_classes": "",
    "body": "",
    "displayTitle": "Publikasjoner",
    "title": "Publikasjoner",
    "_assessment": {
      "_isEnabled": false,
      "_id": "",
      "_banks": {
        "_isEnabled": false,
        "_split": "",
        "_randomisation": false
      },
      "_randomisation": {
        "_isEnabled": false,
        "_blockCount": 1
      },
      "_questions": {
        "_resetType": "soft",
        "_canShowFeedback": false,
        "_canShowMarking": false,
        "_canShowModelAnswer": false
      },
      "_isPercentageBased": false,
      "_scoreToPass": 60,
      "_includeInTotalScore": false,
      "_assessmentWeight": 1,
      "_isResetOnRevisit": false,
      "_attempts": -1
    },
    "_trickle": {
      "_isEnabled": false,
      "_autoScroll": false,
      "_scrollDuration": 500,
      "_onChildren": false,
      "_scrollTo": "@block +1",
      "_button": {
        "_isEnabled": false,
        "_styleBeforeCompletion": "hidden",
        "_styleAfterClick": "hidden",
        "_isFullWidth": true,
        "_autoHide": true,
        "_className": "",
        "text": "Continue",
        "startText": "Begin",
        "finalText": "Finish",
        "_component": "trickle-button"
      },
      "_stepLocking": {
        "_isEnabled": true,
        "_isCompletionRequired": true,
        "_isLockedOnRevisit": false
      }
    }
  }
]