[
  {
    "_id": "58fda15c9f288a481e7b1ce1",
    "_type": "block",
    "_parentId": "58fda15c9f288a481e7b1ce0",
    "_isAvailable": true,
    "_isOptional": false,
    "_trackingId": 1,
    "_classes": "",
    "body": "",
    "displayTitle": "",
    "title": "Block title",
    "_trickle": {
      "_stepLocking": {
        "_isLockedOnRevisit": false,
        "_isCompletionRequired": true,
        "_isEnabled": true
      },
      "_button": {
        "_component": "trickle-button",
        "finalText": "Finish",
        "startText": "Begin",
        "text": "Continue",
        "_className": "",
        "_autoHide": "true",
        "_isFullWidth": "true",
        "_styleAfterClick": "hidden",
        "_styleBeforeCompletion": "hidden",
        "_isEnabled": false
      },
      "_scrollTo": "@block +1",
      "_scrollDuration": 500,
      "_autoScroll": false,
      "_isEnabled": false
    },
    "_assessment": {
      "_quizBankID": 1
    }
  },
  {
    "_id": "58fda4159f288a481e7b1cec",
    "_type": "block",
    "_parentId": "58fda4159f288a481e7b1ceb",
    "_isAvailable": true,
    "_isOptional": false,
    "_trackingId": 2,
    "_classes": "",
    "body": "",
    "displayTitle": "",
    "title": "Block title",
    "_trickle": {
      "_stepLocking": {
        "_isLockedOnRevisit": false,
        "_isCompletionRequired": true,
        "_isEnabled": true
      },
      "_button": {
        "_component": "trickle-button",
        "finalText": "Finish",
        "startText": "Begin",
        "text": "Continue",
        "_className": "",
        "_autoHide": "true",
        "_isFullWidth": "true",
        "_styleAfterClick": "hidden",
        "_styleBeforeCompletion": "hidden",
        "_isEnabled": false
      },
      "_scrollTo": "@block +1",
      "_scrollDuration": 500,
      "_autoScroll": false,
      "_isEnabled": false
    },
    "_assessment": {
      "_quizBankID": 1
    }
  },
  {
    "_id": "58fda4169f288a481e7b1cef",
    "_type": "block",
    "_parentId": "58fda4169f288a481e7b1cee",
    "_isAvailable": true,
    "_isOptional": false,
    "_trackingId": 3,
    "_classes": "",
    "body": "",
    "displayTitle": "",
    "title": "Block title",
    "_trickle": {
      "_stepLocking": {
        "_isLockedOnRevisit": false,
        "_isCompletionRequired": true,
        "_isEnabled": true
      },
      "_button": {
        "_component": "trickle-button",
        "finalText": "Finish",
        "startText": "Begin",
        "text": "Continue",
        "_className": "",
        "_autoHide": "true",
        "_isFullWidth": "true",
        "_styleAfterClick": "hidden",
        "_styleBeforeCompletion": "hidden",
        "_isEnabled": false
      },
      "_scrollTo": "@block +1",
      "_scrollDuration": 500,
      "_autoScroll": false,
      "_isEnabled": false
    },
    "_assessment": {
      "_quizBankID": 1
    }
  },
  {
    "_id": "58fda4249f288a481e7b1cf3",
    "_type": "block",
    "_parentId": "58fda4249f288a481e7b1cf2",
    "_isAvailable": true,
    "_isOptional": false,
    "_trackingId": 4,
    "_classes": "",
    "body": "",
    "displayTitle": "",
    "title": "Block title",
    "_trickle": {
      "_stepLocking": {
        "_isLockedOnRevisit": false,
        "_isCompletionRequired": true,
        "_isEnabled": true
      },
      "_button": {
        "_component": "trickle-button",
        "finalText": "Finish",
        "startText": "Begin",
        "text": "Continue",
        "_className": "",
        "_autoHide": "true",
        "_isFullWidth": "true",
        "_styleAfterClick": "hidden",
        "_styleBeforeCompletion": "hidden",
        "_isEnabled": false
      },
      "_scrollTo": "@block +1",
      "_scrollDuration": 500,
      "_autoScroll": false,
      "_isEnabled": false
    },
    "_assessment": {
      "_quizBankID": 1
    }
  },
  {
    "_id": "58fda4259f288a481e7b1cf6",
    "_type": "block",
    "_parentId": "58fda4259f288a481e7b1cf5",
    "_isAvailable": true,
    "_isOptional": false,
    "_trackingId": 5,
    "_classes": "",
    "body": "",
    "displayTitle": "",
    "title": "Block title",
    "_trickle": {
      "_stepLocking": {
        "_isLockedOnRevisit": false,
        "_isCompletionRequired": true,
        "_isEnabled": true
      },
      "_button": {
        "_component": "trickle-button",
        "finalText": "Finish",
        "startText": "Begin",
        "text": "Continue",
        "_className": "",
        "_autoHide": "true",
        "_isFullWidth": "true",
        "_styleAfterClick": "hidden",
        "_styleBeforeCompletion": "hidden",
        "_isEnabled": false
      },
      "_scrollTo": "@block +1",
      "_scrollDuration": 500,
      "_autoScroll": false,
      "_isEnabled": false
    },
    "_assessment": {
      "_quizBankID": 1
    }
  },
  {
    "_id": "58fda47a9f288a481e7b1cf9",
    "_type": "block",
    "_parentId": "58fda47a9f288a481e7b1cf8",
    "_isAvailable": true,
    "_isOptional": false,
    "_trackingId": 6,
    "_classes": "",
    "body": "",
    "displayTitle": "",
    "title": "Block title",
    "_trickle": {
      "_stepLocking": {
        "_isLockedOnRevisit": false,
        "_isCompletionRequired": true,
        "_isEnabled": true
      },
      "_button": {
        "_component": "trickle-button",
        "finalText": "Finish",
        "startText": "Begin",
        "text": "Continue",
        "_className": "",
        "_autoHide": "true",
        "_isFullWidth": "true",
        "_styleAfterClick": "hidden",
        "_styleBeforeCompletion": "hidden",
        "_isEnabled": false
      },
      "_scrollTo": "@block +1",
      "_scrollDuration": 500,
      "_autoScroll": false,
      "_isEnabled": false
    },
    "_assessment": {
      "_quizBankID": 1
    }
  },
  {
    "_id": "58fda5c79f288a481e7b1cfe",
    "_type": "block",
    "_parentId": "58fda5c79f288a481e7b1cfd",
    "_isAvailable": true,
    "_isOptional": false,
    "_trackingId": 7,
    "_classes": "",
    "body": "",
    "displayTitle": "",
    "title": "Block title",
    "_trickle": {
      "_stepLocking": {
        "_isLockedOnRevisit": false,
        "_isCompletionRequired": true,
        "_isEnabled": true
      },
      "_button": {
        "_component": "trickle-button",
        "finalText": "Finish",
        "startText": "Begin",
        "text": "Continue",
        "_className": "",
        "_autoHide": "true",
        "_isFullWidth": "true",
        "_styleAfterClick": "hidden",
        "_styleBeforeCompletion": "hidden",
        "_isEnabled": false
      },
      "_scrollTo": "@block +1",
      "_scrollDuration": 500,
      "_autoScroll": false,
      "_isEnabled": false
    },
    "_assessment": {
      "_quizBankID": 1
    }
  },
  {
    "_id": "58fda5cf9f288a481e7b1d02",
    "_type": "block",
    "_parentId": "58fda5cf9f288a481e7b1d01",
    "_isAvailable": true,
    "_isOptional": false,
    "_trackingId": 8,
    "_classes": "",
    "body": "",
    "displayTitle": "",
    "title": "Block title",
    "_trickle": {
      "_stepLocking": {
        "_isLockedOnRevisit": false,
        "_isCompletionRequired": true,
        "_isEnabled": true
      },
      "_button": {
        "_component": "trickle-button",
        "finalText": "Finish",
        "startText": "Begin",
        "text": "Continue",
        "_className": "",
        "_autoHide": "true",
        "_isFullWidth": "true",
        "_styleAfterClick": "hidden",
        "_styleBeforeCompletion": "hidden",
        "_isEnabled": false
      },
      "_scrollTo": "@block +1",
      "_scrollDuration": 500,
      "_autoScroll": false,
      "_isEnabled": false
    },
    "_assessment": {
      "_quizBankID": 1
    }
  },
  {
    "_id": "58fda5da9f288a481e7b1d06",
    "_type": "block",
    "_parentId": "58fda5da9f288a481e7b1d05",
    "_isAvailable": true,
    "_isOptional": false,
    "_trackingId": 9,
    "_classes": "",
    "body": "",
    "displayTitle": "",
    "title": "Læringsmål",
    "_assessment": {
      "_quizBankID": 1
    },
    "_trickle": {
      "_isEnabled": false,
      "_autoScroll": false,
      "_scrollDuration": 500,
      "_scrollTo": "@block +1",
      "_button": {
        "_isEnabled": false,
        "_styleBeforeCompletion": "hidden",
        "_styleAfterClick": "hidden",
        "_isFullWidth": true,
        "_autoHide": true,
        "_className": "",
        "text": "Continue",
        "startText": "Begin",
        "finalText": "Finish",
        "_component": "trickle-button"
      },
      "_stepLocking": {
        "_isEnabled": true,
        "_isCompletionRequired": true,
        "_isLockedOnRevisit": false
      }
    }
  },
  {
    "_id": "58fda5e49f288a481e7b1d0a",
    "_type": "block",
    "_parentId": "58fda5e49f288a481e7b1d09",
    "_isAvailable": true,
    "_isOptional": false,
    "_trackingId": 10,
    "_classes": "",
    "body": "",
    "displayTitle": "",
    "title": "Block title",
    "_assessment": {
      "_quizBankID": 1
    },
    "_trickle": {
      "_isEnabled": false,
      "_autoScroll": false,
      "_scrollDuration": 500,
      "_scrollTo": "@block +1",
      "_button": {
        "_isEnabled": false,
        "_styleBeforeCompletion": "hidden",
        "_styleAfterClick": "hidden",
        "_isFullWidth": true,
        "_autoHide": true,
        "_className": "",
        "text": "Continue",
        "startText": "Begin",
        "finalText": "Finish",
        "_component": "trickle-button"
      },
      "_stepLocking": {
        "_isEnabled": true,
        "_isCompletionRequired": true,
        "_isLockedOnRevisit": false
      }
    }
  },
  {
    "_id": "58fda83b9f288a481e7b1d22",
    "_type": "block",
    "_parentId": "58fda83b9f288a481e7b1d21",
    "_isAvailable": true,
    "_isOptional": false,
    "_trackingId": 11,
    "_classes": "",
    "body": "",
    "displayTitle": "",
    "title": "Block title",
    "_trickle": {
      "_stepLocking": {
        "_isLockedOnRevisit": false,
        "_isCompletionRequired": true,
        "_isEnabled": true
      },
      "_button": {
        "_component": "trickle-button",
        "finalText": "Finish",
        "startText": "Begin",
        "text": "Continue",
        "_className": "",
        "_autoHide": "true",
        "_isFullWidth": "true",
        "_styleAfterClick": "hidden",
        "_styleBeforeCompletion": "hidden",
        "_isEnabled": false
      },
      "_scrollTo": "@block +1",
      "_scrollDuration": 500,
      "_autoScroll": false,
      "_isEnabled": false
    },
    "_assessment": {
      "_quizBankID": 1
    }
  },
  {
    "_id": "58fda83c9f288a481e7b1d25",
    "_type": "block",
    "_parentId": "58fda83c9f288a481e7b1d24",
    "_isAvailable": true,
    "_isOptional": false,
    "_trackingId": 12,
    "_classes": "",
    "body": "",
    "displayTitle": "",
    "title": "Block title",
    "_trickle": {
      "_stepLocking": {
        "_isLockedOnRevisit": false,
        "_isCompletionRequired": true,
        "_isEnabled": true
      },
      "_button": {
        "_component": "trickle-button",
        "finalText": "Finish",
        "startText": "Begin",
        "text": "Continue",
        "_className": "",
        "_autoHide": "true",
        "_isFullWidth": "true",
        "_styleAfterClick": "hidden",
        "_styleBeforeCompletion": "hidden",
        "_isEnabled": false
      },
      "_scrollTo": "@block +1",
      "_scrollDuration": 500,
      "_autoScroll": false,
      "_isEnabled": false
    },
    "_assessment": {
      "_quizBankID": 1
    }
  },
  {
    "_id": "58fda83e9f288a481e7b1d28",
    "_type": "block",
    "_parentId": "58fda83e9f288a481e7b1d27",
    "_isAvailable": true,
    "_isOptional": false,
    "_trackingId": 13,
    "_classes": "",
    "body": "",
    "displayTitle": "",
    "title": "Block title",
    "_trickle": {
      "_stepLocking": {
        "_isLockedOnRevisit": false,
        "_isCompletionRequired": true,
        "_isEnabled": true
      },
      "_button": {
        "_component": "trickle-button",
        "finalText": "Finish",
        "startText": "Begin",
        "text": "Continue",
        "_className": "",
        "_autoHide": "true",
        "_isFullWidth": "true",
        "_styleAfterClick": "hidden",
        "_styleBeforeCompletion": "hidden",
        "_isEnabled": false
      },
      "_scrollTo": "@block +1",
      "_scrollDuration": 500,
      "_autoScroll": false,
      "_isEnabled": false
    },
    "_assessment": {
      "_quizBankID": 1
    }
  },
  {
    "_id": "58fda83f9f288a481e7b1d2b",
    "_type": "block",
    "_parentId": "58fda83f9f288a481e7b1d2a",
    "_isAvailable": true,
    "_isOptional": false,
    "_trackingId": 14,
    "_classes": "",
    "body": "",
    "displayTitle": "",
    "title": "Block title",
    "_trickle": {
      "_stepLocking": {
        "_isLockedOnRevisit": false,
        "_isCompletionRequired": true,
        "_isEnabled": true
      },
      "_button": {
        "_component": "trickle-button",
        "finalText": "Finish",
        "startText": "Begin",
        "text": "Continue",
        "_className": "",
        "_autoHide": "true",
        "_isFullWidth": "true",
        "_styleAfterClick": "hidden",
        "_styleBeforeCompletion": "hidden",
        "_isEnabled": false
      },
      "_scrollTo": "@block +1",
      "_scrollDuration": 500,
      "_autoScroll": false,
      "_isEnabled": false
    },
    "_assessment": {
      "_quizBankID": 1
    }
  },
  {
    "_id": "58fda8519f288a481e7b1d34",
    "_type": "block",
    "_parentId": "58fda8519f288a481e7b1d33",
    "_isAvailable": true,
    "_isOptional": false,
    "_trackingId": 15,
    "_classes": "",
    "body": "",
    "displayTitle": "",
    "title": "Block title",
    "_trickle": {
      "_stepLocking": {
        "_isLockedOnRevisit": false,
        "_isCompletionRequired": true,
        "_isEnabled": true
      },
      "_button": {
        "_component": "trickle-button",
        "finalText": "Finish",
        "startText": "Begin",
        "text": "Continue",
        "_className": "",
        "_autoHide": "true",
        "_isFullWidth": "true",
        "_styleAfterClick": "hidden",
        "_styleBeforeCompletion": "hidden",
        "_isEnabled": false
      },
      "_scrollTo": "@block +1",
      "_scrollDuration": 500,
      "_autoScroll": false,
      "_isEnabled": false
    },
    "_assessment": {
      "_quizBankID": 1
    }
  },
  {
    "_id": "58fda8519f288a481e7b1d37",
    "_type": "block",
    "_parentId": "58fda8519f288a481e7b1d36",
    "_isAvailable": true,
    "_isOptional": false,
    "_trackingId": 16,
    "_classes": "",
    "body": "",
    "displayTitle": "",
    "title": "Block title",
    "_trickle": {
      "_stepLocking": {
        "_isLockedOnRevisit": false,
        "_isCompletionRequired": true,
        "_isEnabled": true
      },
      "_button": {
        "_component": "trickle-button",
        "finalText": "Finish",
        "startText": "Begin",
        "text": "Continue",
        "_className": "",
        "_autoHide": "true",
        "_isFullWidth": "true",
        "_styleAfterClick": "hidden",
        "_styleBeforeCompletion": "hidden",
        "_isEnabled": false
      },
      "_scrollTo": "@block +1",
      "_scrollDuration": 500,
      "_autoScroll": false,
      "_isEnabled": false
    },
    "_assessment": {
      "_quizBankID": 1
    }
  },
  {
    "_id": "58fda8569f288a481e7b1d3a",
    "_type": "block",
    "_parentId": "58fda8569f288a481e7b1d39",
    "_isAvailable": true,
    "_isOptional": false,
    "_trackingId": 17,
    "_classes": "",
    "body": "",
    "displayTitle": "",
    "title": "Block title",
    "_trickle": {
      "_stepLocking": {
        "_isLockedOnRevisit": false,
        "_isCompletionRequired": true,
        "_isEnabled": true
      },
      "_button": {
        "_component": "trickle-button",
        "finalText": "Finish",
        "startText": "Begin",
        "text": "Continue",
        "_className": "",
        "_autoHide": "true",
        "_isFullWidth": "true",
        "_styleAfterClick": "hidden",
        "_styleBeforeCompletion": "hidden",
        "_isEnabled": false
      },
      "_scrollTo": "@block +1",
      "_scrollDuration": 500,
      "_autoScroll": false,
      "_isEnabled": false
    },
    "_assessment": {
      "_quizBankID": 1
    }
  },
  {
    "_id": "58fda8579f288a481e7b1d3d",
    "_type": "block",
    "_parentId": "58fda8579f288a481e7b1d3c",
    "_isAvailable": true,
    "_isOptional": false,
    "_trackingId": 18,
    "_classes": "",
    "body": "",
    "displayTitle": "",
    "title": "Block title",
    "_trickle": {
      "_stepLocking": {
        "_isLockedOnRevisit": false,
        "_isCompletionRequired": true,
        "_isEnabled": true
      },
      "_button": {
        "_component": "trickle-button",
        "finalText": "Finish",
        "startText": "Begin",
        "text": "Continue",
        "_className": "",
        "_autoHide": "true",
        "_isFullWidth": "true",
        "_styleAfterClick": "hidden",
        "_styleBeforeCompletion": "hidden",
        "_isEnabled": false
      },
      "_scrollTo": "@block +1",
      "_scrollDuration": 500,
      "_autoScroll": false,
      "_isEnabled": false
    },
    "_assessment": {
      "_quizBankID": 1
    }
  },
  {
    "_id": "58fdae9e9f288a481e7b1d57",
    "_type": "block",
    "_parentId": "58fdae9e9f288a481e7b1d56",
    "_isAvailable": true,
    "_isOptional": false,
    "_trackingId": 19,
    "_classes": "",
    "body": "",
    "displayTitle": "Publikasjon 1",
    "title": "Publikasjon 1",
    "_assessment": {
      "_quizBankID": 1
    },
    "_trickle": {
      "_isEnabled": false,
      "_autoScroll": false,
      "_scrollDuration": 500,
      "_scrollTo": "@block +1",
      "_button": {
        "_isEnabled": false,
        "_styleBeforeCompletion": "hidden",
        "_styleAfterClick": "hidden",
        "_isFullWidth": true,
        "_autoHide": true,
        "_className": "",
        "text": "Continue",
        "startText": "Begin",
        "finalText": "Finish",
        "_component": "trickle-button"
      },
      "_stepLocking": {
        "_isEnabled": true,
        "_isCompletionRequired": true,
        "_isLockedOnRevisit": false
      }
    }
  },
  {
    "_id": "58fdaebb9f288a481e7b1d59",
    "_type": "block",
    "_parentId": "58fdae9e9f288a481e7b1d56",
    "_isAvailable": true,
    "_isOptional": false,
    "_trackingId": 20,
    "_classes": "",
    "body": "",
    "displayTitle": "Publikasjon 2",
    "title": "Publikasjon 2",
    "_assessment": {
      "_quizBankID": 1
    },
    "_trickle": {
      "_isEnabled": false,
      "_autoScroll": false,
      "_scrollDuration": 500,
      "_scrollTo": "@block +1",
      "_button": {
        "_isEnabled": false,
        "_styleBeforeCompletion": "hidden",
        "_styleAfterClick": "hidden",
        "_isFullWidth": true,
        "_autoHide": true,
        "_className": "",
        "text": "Continue",
        "startText": "Begin",
        "finalText": "Finish",
        "_component": "trickle-button"
      },
      "_stepLocking": {
        "_isEnabled": true,
        "_isCompletionRequired": true,
        "_isLockedOnRevisit": false
      }
    }
  },
  {
    "_id": "58fdaebe9f288a481e7b1d5b",
    "_type": "block",
    "_parentId": "58fdae9e9f288a481e7b1d56",
    "_isAvailable": true,
    "_isOptional": false,
    "_trackingId": 21,
    "_classes": "",
    "body": "",
    "displayTitle": "Publikasjon 3",
    "title": "Publikasjon 3",
    "_assessment": {
      "_quizBankID": 1
    },
    "_trickle": {
      "_isEnabled": false,
      "_autoScroll": false,
      "_scrollDuration": 500,
      "_scrollTo": "@block +1",
      "_button": {
        "_isEnabled": false,
        "_styleBeforeCompletion": "hidden",
        "_styleAfterClick": "hidden",
        "_isFullWidth": true,
        "_autoHide": true,
        "_className": "",
        "text": "Continue",
        "startText": "Begin",
        "finalText": "Finish",
        "_component": "trickle-button"
      },
      "_stepLocking": {
        "_isEnabled": true,
        "_isCompletionRequired": true,
        "_isLockedOnRevisit": false
      }
    }
  },
  {
    "_id": "58fdaec19f288a481e7b1d5d",
    "_type": "block",
    "_parentId": "58fdae9e9f288a481e7b1d56",
    "_isAvailable": true,
    "_isOptional": false,
    "_trackingId": 22,
    "_classes": "",
    "body": "",
    "displayTitle": "Publikasjon 4",
    "title": "Publikasjon 4",
    "_assessment": {
      "_quizBankID": 1
    },
    "_trickle": {
      "_isEnabled": false,
      "_autoScroll": false,
      "_scrollDuration": 500,
      "_scrollTo": "@block +1",
      "_button": {
        "_isEnabled": false,
        "_styleBeforeCompletion": "hidden",
        "_styleAfterClick": "hidden",
        "_isFullWidth": true,
        "_autoHide": true,
        "_className": "",
        "text": "Continue",
        "startText": "Begin",
        "finalText": "Finish",
        "_component": "trickle-button"
      },
      "_stepLocking": {
        "_isEnabled": true,
        "_isCompletionRequired": true,
        "_isLockedOnRevisit": false
      }
    }
  }
]