[
  {
    "_id": "58fda15c9f288a481e7b1cdf",
    "_type": "page",
    "_parentId": "course",
    "_graphic": {
      "alt": "",
      "src": ""
    },
    "_isAvailable": true,
    "_isOptional": false,
    "_lockedBy": [],
    "duration": "",
    "linkText": "View",
    "_classes": "",
    "body": "",
    "displayTitle": "Kursoversikt og beskrivelse",
    "title": "Kursoversikt og beskrivelse",
    "_pageLevelProgress": {
      "_showPageCompletion": true,
      "_isEnabled": true
    },
    "_bookmarking": {
      "_isEnabled": true,
      "_level": "page"
    }
  },
  {
    "_id": "58fda3ab9f288a481e7b1ce5",
    "_type": "menu",
    "_parentId": "58fda3969f288a481e7b1ce4",
    "_graphic": {
      "alt": "",
      "src": ""
    },
    "_isAvailable": true,
    "_isOptional": false,
    "_lockedBy": [],
    "duration": "",
    "linkText": "View",
    "_classes": "",
    "body": "<p>Arbeidets betydning for helse</p>",
    "displayTitle": "Modul 1",
    "title": "Modul 1",
    "_pageLevelProgress": {
      "_showPageCompletion": true,
      "_isEnabled": true
    },
    "_bookmarking": {
      "_isEnabled": true,
      "_level": "page"
    }
  },
  {
    "_id": "58fda4159f288a481e7b1cea",
    "_type": "page",
    "_parentId": "58fda3ab9f288a481e7b1ce5",
    "_graphic": {
      "alt": "",
      "src": ""
    },
    "_isAvailable": true,
    "_isOptional": false,
    "_lockedBy": [],
    "duration": "",
    "linkText": "View",
    "_classes": "",
    "body": "",
    "displayTitle": "Læringsmål",
    "title": "Læringsmål",
    "_pageLevelProgress": {
      "_showPageCompletion": true,
      "_isEnabled": true
    },
    "_bookmarking": {
      "_isEnabled": true,
      "_level": "page"
    }
  },
  {
    "_id": "58fda5c79f288a481e7b1cfc",
    "_type": "page",
    "_parentId": "58fda3ac9f288a481e7b1ce6",
    "_graphic": {
      "alt": "",
      "src": ""
    },
    "_isAvailable": true,
    "_isOptional": false,
    "_lockedBy": [],
    "duration": "",
    "linkText": "View",
    "_classes": "",
    "body": "",
    "displayTitle": "Læringsmål",
    "title": "Læringsmål",
    "_pageLevelProgress": {
      "_isEnabled": true,
      "_showPageCompletion": true
    },
    "_bookmarking": {
      "_isEnabled": true,
      "_level": "page"
    }
  },
  {
    "_id": "58fda5cf9f288a481e7b1d00",
    "_type": "page",
    "_parentId": "58fda3ad9f288a481e7b1ce7",
    "_graphic": {
      "alt": "",
      "src": ""
    },
    "_isAvailable": true,
    "_isOptional": false,
    "_lockedBy": [],
    "duration": "",
    "linkText": "View",
    "_classes": "",
    "body": "",
    "displayTitle": "Læringsmål",
    "title": "Læringsmål",
    "_pageLevelProgress": {
      "_isEnabled": true,
      "_showPageCompletion": true
    },
    "_bookmarking": {
      "_isEnabled": true,
      "_level": "page"
    }
  },
  {
    "_id": "58fda5da9f288a481e7b1d04",
    "_type": "page",
    "_parentId": "58fda3ad9f288a481e7b1ce8",
    "_graphic": {
      "alt": "",
      "src": ""
    },
    "_isAvailable": true,
    "_isOptional": false,
    "_lockedBy": [],
    "duration": "",
    "linkText": "View",
    "_classes": "",
    "body": "",
    "displayTitle": "Læringsmål",
    "title": "Læringsmål",
    "_pageLevelProgress": {
      "_isEnabled": true,
      "_showPageCompletion": true
    },
    "_bookmarking": {
      "_isEnabled": true,
      "_level": "page"
    }
  },
  {
    "_id": "58fda5e49f288a481e7b1d08",
    "_type": "page",
    "_parentId": "58fda3ae9f288a481e7b1ce9",
    "_graphic": {
      "alt": "",
      "src": ""
    },
    "_isAvailable": true,
    "_isOptional": false,
    "_lockedBy": [],
    "duration": "",
    "linkText": "View",
    "_classes": "",
    "body": "",
    "displayTitle": "Lærinsgmål",
    "title": "Lærinsgmål",
    "_pageLevelProgress": {
      "_showPageCompletion": true,
      "_isEnabled": true
    },
    "_bookmarking": {
      "_isEnabled": true,
      "_level": "page"
    }
  },
  {
    "_id": "58fda3969f288a481e7b1ce4",
    "_type": "menu",
    "_parentId": "course",
    "_graphic": {
      "alt": "",
      "src": ""
    },
    "_isAvailable": true,
    "_isOptional": false,
    "_lockedBy": [],
    "duration": "",
    "linkText": "View",
    "_classes": "",
    "body": "",
    "displayTitle": "Læringsmoduler",
    "title": "Læringsmoduler",
    "_pageLevelProgress": {
      "_showPageCompletion": true,
      "_isEnabled": true
    },
    "_bookmarking": {
      "_isEnabled": true,
      "_level": "page"
    }
  },
  {
    "_id": "58fda3ac9f288a481e7b1ce6",
    "_type": "menu",
    "_parentId": "58fda3969f288a481e7b1ce4",
    "_graphic": {
      "alt": "",
      "src": ""
    },
    "_isAvailable": true,
    "_isOptional": false,
    "_lockedBy": [],
    "duration": "",
    "linkText": "View",
    "_classes": "",
    "body": "<p>Innf&oslash;re arbeid som delm&aring;l</p>",
    "displayTitle": "Modul 2",
    "title": "Modul 2",
    "_pageLevelProgress": {
      "_showPageCompletion": true,
      "_isEnabled": true
    },
    "_bookmarking": {
      "_isEnabled": true,
      "_level": "page"
    }
  },
  {
    "_id": "58fda4169f288a481e7b1ced",
    "_type": "page",
    "_parentId": "58fda3ab9f288a481e7b1ce5",
    "_graphic": {
      "alt": "",
      "src": ""
    },
    "_isAvailable": true,
    "_isOptional": false,
    "_lockedBy": [],
    "duration": "",
    "linkText": "View",
    "_classes": "",
    "body": "",
    "displayTitle": "Begrepsavklaringer",
    "title": "Begrepsavklaringer",
    "_pageLevelProgress": {
      "_showPageCompletion": true,
      "_isEnabled": true
    },
    "_bookmarking": {
      "_isEnabled": true,
      "_level": "page"
    }
  },
  {
    "_id": "58fda83b9f288a481e7b1d20",
    "_type": "page",
    "_parentId": "58fda3ac9f288a481e7b1ce6",
    "_graphic": {
      "alt": "",
      "src": ""
    },
    "_isAvailable": true,
    "_isOptional": false,
    "_lockedBy": [],
    "duration": "",
    "linkText": "View",
    "_classes": "",
    "body": "<p>Under construction</p>",
    "displayTitle": "Begrepsavklaringer",
    "title": "Begrepsavklaringer",
    "_pageLevelProgress": {
      "_isEnabled": true,
      "_showPageCompletion": true
    },
    "_bookmarking": {
      "_isEnabled": true,
      "_level": "page"
    }
  },
  {
    "_id": "58fda83e9f288a481e7b1d26",
    "_type": "page",
    "_parentId": "58fda3ad9f288a481e7b1ce7",
    "_graphic": {
      "alt": "",
      "src": ""
    },
    "_isAvailable": true,
    "_isOptional": false,
    "_lockedBy": [],
    "duration": "",
    "linkText": "View",
    "_classes": "",
    "body": "<p>Under construction</p>",
    "displayTitle": "Begrepsavklaringer",
    "title": "Begrepsavklaringer",
    "_pageLevelProgress": {
      "_isEnabled": true,
      "_showPageCompletion": true
    },
    "_bookmarking": {
      "_isEnabled": true,
      "_level": "page"
    }
  },
  {
    "_id": "58fda8519f288a481e7b1d32",
    "_type": "page",
    "_parentId": "58fda3ad9f288a481e7b1ce8",
    "_graphic": {
      "alt": "",
      "src": ""
    },
    "_isAvailable": true,
    "_isOptional": false,
    "_lockedBy": [],
    "duration": "",
    "linkText": "View",
    "_classes": "",
    "body": "<p>Under construction</p>",
    "displayTitle": "Begrepsavklaringer",
    "title": "Begrepsavklaringer",
    "_pageLevelProgress": {
      "_isEnabled": true,
      "_showPageCompletion": true
    },
    "_bookmarking": {
      "_isEnabled": true,
      "_level": "page"
    }
  },
  {
    "_id": "58fda8569f288a481e7b1d38",
    "_type": "page",
    "_parentId": "58fda3ae9f288a481e7b1ce9",
    "_graphic": {
      "alt": "",
      "src": ""
    },
    "_isAvailable": true,
    "_isOptional": false,
    "_lockedBy": [],
    "duration": "",
    "linkText": "View",
    "_classes": "",
    "body": "<p>Under construction</p>",
    "displayTitle": "Begrepsavklaringer",
    "title": "Begrepsavklaringer",
    "_pageLevelProgress": {
      "_isEnabled": true,
      "_showPageCompletion": true
    },
    "_bookmarking": {
      "_isEnabled": true,
      "_level": "page"
    }
  },
  {
    "_id": "58fda3ad9f288a481e7b1ce7",
    "_type": "menu",
    "_parentId": "58fda3969f288a481e7b1ce4",
    "_graphic": {
      "alt": "",
      "src": ""
    },
    "_isAvailable": true,
    "_isOptional": false,
    "_lockedBy": [],
    "duration": "",
    "linkText": "View",
    "_classes": "",
    "body": "<p>Sykefrav&aelig;r og samhandling</p>",
    "displayTitle": "Modul 3",
    "title": "Modul 3",
    "_pageLevelProgress": {
      "_showPageCompletion": true,
      "_isEnabled": true
    },
    "_bookmarking": {
      "_isEnabled": true,
      "_level": "page"
    }
  },
  {
    "_id": "58fda83c9f288a481e7b1d23",
    "_type": "page",
    "_parentId": "58fda3ac9f288a481e7b1ce6",
    "_graphic": {
      "alt": "",
      "src": ""
    },
    "_isAvailable": true,
    "_isOptional": false,
    "_lockedBy": [],
    "duration": "",
    "linkText": "View",
    "_classes": "",
    "body": "<p>Under construction</p>",
    "displayTitle": "Oppsummering",
    "title": "Oppsummering",
    "_pageLevelProgress": {
      "_isEnabled": true,
      "_showPageCompletion": true
    },
    "_bookmarking": {
      "_isEnabled": true,
      "_level": "page"
    }
  },
  {
    "_id": "58fda83f9f288a481e7b1d29",
    "_type": "page",
    "_parentId": "58fda3ad9f288a481e7b1ce7",
    "_graphic": {
      "alt": "",
      "src": ""
    },
    "_isAvailable": true,
    "_isOptional": false,
    "_lockedBy": [],
    "duration": "",
    "linkText": "View",
    "_classes": "",
    "body": "<p>Under construction</p>",
    "displayTitle": "Oppsummering",
    "title": "Oppsummering",
    "_pageLevelProgress": {
      "_isEnabled": true,
      "_showPageCompletion": true
    },
    "_bookmarking": {
      "_isEnabled": true,
      "_level": "page"
    }
  },
  {
    "_id": "58fda8519f288a481e7b1d35",
    "_type": "page",
    "_parentId": "58fda3ad9f288a481e7b1ce8",
    "_graphic": {
      "alt": "",
      "src": ""
    },
    "_isAvailable": true,
    "_isOptional": false,
    "_lockedBy": [],
    "duration": "",
    "linkText": "View",
    "_classes": "",
    "body": "<p>Under construction</p>",
    "displayTitle": "Oppsummering",
    "title": "Oppsummering",
    "_pageLevelProgress": {
      "_isEnabled": true,
      "_showPageCompletion": true
    },
    "_bookmarking": {
      "_isEnabled": true,
      "_level": "page"
    }
  },
  {
    "_id": "58fda8579f288a481e7b1d3b",
    "_type": "page",
    "_parentId": "58fda3ae9f288a481e7b1ce9",
    "_graphic": {
      "alt": "",
      "src": ""
    },
    "_isAvailable": true,
    "_isOptional": false,
    "_lockedBy": [],
    "duration": "",
    "linkText": "View",
    "_classes": "",
    "body": "<p>Under construction</p>",
    "displayTitle": "Oppsummering",
    "title": "Oppsummering",
    "_pageLevelProgress": {
      "_isEnabled": true,
      "_showPageCompletion": true
    },
    "_bookmarking": {
      "_isEnabled": true,
      "_level": "page"
    }
  },
  {
    "_id": "58fdae9e9f288a481e7b1d55",
    "_type": "page",
    "_parentId": "58fda3ab9f288a481e7b1ce5",
    "_graphic": {
      "alt": "",
      "src": ""
    },
    "_isAvailable": true,
    "_isOptional": false,
    "_lockedBy": [],
    "duration": "",
    "linkText": "View",
    "_classes": "",
    "body": "",
    "displayTitle": "Arbeidets betydning for helse (Forskning)",
    "title": "Arbeidets betydning for helse (Forskning)",
    "_pageLevelProgress": {
      "_isEnabled": true,
      "_showPageCompletion": true
    },
    "_bookmarking": {
      "_isEnabled": true,
      "_level": "page"
    }
  },
  {
    "_id": "58fda3ad9f288a481e7b1ce8",
    "_type": "menu",
    "_parentId": "58fda3969f288a481e7b1ce4",
    "_graphic": {
      "alt": "",
      "src": ""
    },
    "_isAvailable": true,
    "_isOptional": false,
    "_lockedBy": [],
    "duration": "",
    "linkText": "View",
    "_classes": "",
    "body": "<p>Kartlegging og m&aring;ling av funksjon og arbeidsevne</p>",
    "displayTitle": "Modul 4",
    "title": "Modul 4",
    "_pageLevelProgress": {
      "_showPageCompletion": true,
      "_isEnabled": true
    },
    "_bookmarking": {
      "_isEnabled": true,
      "_level": "page"
    }
  },
  {
    "_id": "58fda4249f288a481e7b1cf1",
    "_type": "page",
    "_parentId": "58fda3ab9f288a481e7b1ce5",
    "_graphic": {
      "alt": "",
      "src": ""
    },
    "_isAvailable": true,
    "_isOptional": false,
    "_lockedBy": [],
    "duration": "",
    "linkText": "View",
    "_classes": "",
    "body": "",
    "displayTitle": "Arbeidets betydning for helse (praksis)",
    "title": "Arbeidets betydning for helse (praksis)",
    "_pageLevelProgress": {
      "_showPageCompletion": true,
      "_isEnabled": true
    },
    "_bookmarking": {
      "_isEnabled": true,
      "_level": "page"
    }
  },
  {
    "_id": "58fda3ae9f288a481e7b1ce9",
    "_type": "menu",
    "_parentId": "58fda3969f288a481e7b1ce4",
    "_graphic": {
      "alt": "",
      "src": ""
    },
    "_isAvailable": true,
    "_isOptional": false,
    "_lockedBy": [],
    "duration": "",
    "linkText": "View",
    "_classes": "",
    "body": "<p>Workshop</p>",
    "displayTitle": "Modul 5",
    "title": "Modul 5",
    "_pageLevelProgress": {
      "_showPageCompletion": true,
      "_isEnabled": true
    },
    "_bookmarking": {
      "_isEnabled": true,
      "_level": "page"
    }
  },
  {
    "_id": "58fda4249f288a481e7b1cf4",
    "_type": "page",
    "_parentId": "58fda3ab9f288a481e7b1ce5",
    "_graphic": {
      "alt": "",
      "src": ""
    },
    "_isAvailable": true,
    "_isOptional": false,
    "_lockedBy": [],
    "duration": "",
    "linkText": "View",
    "_classes": "",
    "body": "",
    "displayTitle": "Mågruppe",
    "title": "Mågruppe",
    "_pageLevelProgress": {
      "_showPageCompletion": true,
      "_isEnabled": true
    },
    "_bookmarking": {
      "_isEnabled": true,
      "_level": "page"
    }
  },
  {
    "_id": "58fda47a9f288a481e7b1cf7",
    "_type": "page",
    "_parentId": "58fda3ab9f288a481e7b1ce5",
    "_graphic": {
      "alt": "",
      "src": ""
    },
    "_isAvailable": true,
    "_isOptional": false,
    "_lockedBy": [],
    "duration": "",
    "linkText": "View",
    "_classes": "",
    "body": "",
    "displayTitle": "Oppsummering og Quiz",
    "title": "Oppsummering og Quiz",
    "_pageLevelProgress": {
      "_showPageCompletion": true,
      "_isEnabled": true
    },
    "_bookmarking": {
      "_isEnabled": true,
      "_level": "page"
    }
  }
]